Zone,Division,School,Type,Students,Province,District,School_Type,Location
Kandy,Gangawata Korale,Dharmaraja College,1AB,4895.0,Central Province,Kandy District,National schools,
Kandy,Gangawata Korale,"St. Sylvester's College, Kandy",1AB,3619.0,Central Province,Kandy District,National schools,
Kandy,Gangawata Korale,"Kingswood College, Kandy",1AB,3744.0,Central Province,Kandy District,National schools,
Katugastota,Harispattuwa,"Nugawela Central College, Nugawela",1AB,6500.0,Central Province,Kandy District,National schools,
Kandy,Gangawata Korale,"Vidyartha College, Kandy",1AB,4200.0,Central Province,Kandy District,National schools,
Kandy,Gangawata Korale,"Wariyapola Sri Sumangala College, Kandy",1AB,3500.0,Central Province,Kandy District,National schools,
Kandy,Gangawata Korale,"Sri Rahula College, Kandy",1AB,2362.0,Central Province,Kandy District,National schools,
Kandy,Gangawata Korale,"Girls' High School, Kandy",1AB,5299.0,Central Province,Kandy District,National schools,
Kandy,Gangawata Korale,"Mahamaya Girls' College, Kandy",1AB,4569.0,Central Province,Kandy District,National schools,
Kandy,Gangawata Korale,"Pushpadana Girls' College, Kandy",1AB,2650.0,Central Province,Kandy District,National schools,
Denuwara,Yatinuwara,"Kadugannawa National School, Kadugannawa",1AB,1038.0,Central Province,Kandy District,National schools,
Denuwara,Yatinuwara,"Sri Swarnajothi National School, Kiribathkumbura",1AB,1932.0,Central Province,Kandy District,National schools,
Denuwara,Udunuwara,"D.B Wijethunga National School, Muruthagahamulla",1AB,730.0,Central Province,Kandy District,National schools,
Denuwara,Udunuwara,"Al Manar National School, Handessa",1AB,1174.0,Central Province,Kandy District,National schools,
Gampola,Udapalatha,"Wickramabahu Central College, Gampola",1AB,1582.0,Central Province,Kandy District,National schools,
Gampola,Udapalatha,"Zahira College, Gampola",1AB,2830.0,Central Province,Kandy District,National schools,
Gampola,Ganga Ihala Korale,"Senadhikari Nationaal School, Udahenthenna",1AB,1065.0,Central Province,Kandy District,National schools,
Gampola,Pasbage Korale,"Anuruddha Kumara National School, Nawalapitiya",1AB,907.0,Central Province,Kandy District,National schools,
Katugastota,Thumpane,"Jabbar National College, Galagedara",1AB,578.0,Central Province,Kandy District,National schools,
Katugastota,Thumpane,"Galagedara Central College, Galagedara",1AB,939.0,Central Province,Kandy District,National schools,
Katugastota,Hatharaliyadda,"Hatharaliyadda Central College, Hatharaliyadda",1AB,1098.0,Central Province,Kandy District,National schools,
Katugastota,Poojapitiya,"Poojapitiya Central College, Poojapitiya",1AB,1056.0,Central Province,Kandy District,National schools,
Katugastota,Poojapitiya,"Al Manar National School, Galhinna",1C,742.0,Central Province,Kandy District,National schools,
Katugastota,Akurana,"Alawathugoda Central College, Alawathugoda",1AB,950.0,Central Province,Kandy District,National schools,
Katugastota,Akurana,"Azhar College, Akurana",1AB,1720.0,Central Province,Kandy District,National schools,
Teldeniya,Medadumbara,"Teldeniya National School, Teldeniya",1AB,1817.0,Central Province,Kandy District,National schools,
Teldeniya,Minipe,"Ranasinghe Premadasa National School, Hasalaka",1AB,1054.0,Central Province,Kandy District,National schools,
Wattegama,Kundasale,"Rajawella National School, Digana",1AB,1237.0,Central Province,Kandy District,National schools,
Wattegama,Pathadumbara,"Madina Central College, Medawela Bazaar",1AB,1909.0,Central Province,Kandy District,National schools,
Kandy,Gangawata Korale,"St. Anthony's College, Kandy",1C,2603.0,Central Province,Kandy District,Provincial schools,
Kandy,Gangawata Korale,"Ranabima Royal College, Peradeniya",1C,1345.0,Central Province,Kandy District,Provincial schools,
Kandy,Gangawata Korale,"Berrewerts College, Ampitiya",1C,1076.0,Central Province,Kandy District,Provincial schools,
Kandy,Gangawata Korale,"St. Anthony's Girls College, Kandy",1C,3770.0,Central Province,Kandy District,Provincial schools,
Kandy,Gangawata Korale,"Hemamali Girl's College, Kandy",1C,2354.0,Central Province,Kandy District,Provincial schools,
Kandy,Gangawata Korale,"Swarnamali Girl's College, Kandy",1C,3409.0,Central Province,Kandy District,Provincial schools,
Kandy,Gangawata Korale,"Seethadevi Girls College, Kandy",1C,2446.0,Central Province,Kandy District,Provincial schools,
Kandy,Gangawata Korale,"Viharamahadevi Girl's College, Kandy",1C,2613.0,Central Province,Kandy District,Provincial schools,
Kandy,Gangawata Korale,"Peradeniya Central College, Peradeniya",1C,1012.0,Central Province,Kandy District,Provincial schools,
Kandy,Gangawata Korale,"Peradeniya Hindu College, Peradeniya",1C,228.0,Central Province,Kandy District,Provincial schools,
Kandy,Patha Hewahata,"Hewahata Central College, Thalathuoya",1C,1485.0,Central Province,Kandy District,Provincial schools,
Kandy,Patha Hewahata,"Enasgolla Central College, Deltota",1C,564.0,Central Province,Kandy District,Provincial schools,
Kandy,Gangawata Korale,"Badi Uddin Mahmud Girl's College, Kandy",1C,1839.0,Central Province,Kandy District,Provincial schools,
Kandy,Patha Hewahata,"Bopitiya Rajasinghe National School, Marassana",1C,671.0,Central Province,Kandy District,Provincial schools,
Kandy,Patha Hewahata,"Marassana National School, Marassana",1C,608.0,Central Province,Kandy District,Provincial schools,
Kandy,Patha Hewahata,"Sri Ramakrishna Central College, Galaha",1C,1232.0,Central Province,Kandy District,Provincial schools,
Denuwara,Yatinuwara,"Menikdiwela Central College, Menikdiwela",1C,493.0,Central Province,Kandy District,Provincial schools,
Denuwara,Yatinuwara,"Pilimathalawa Central College, Pilimathalawa",1C,1113.0,Central Province,Kandy District,Provincial schools,
Denuwara,Yatinuwara,"Sri Dheerananda Maha Vidyalaya, Pilimathalawa",1C,2466.0,Central Province,Kandy District,Provincial schools,
Denuwara,Udunuwara,"Sri Pragngnananda Central College, Gelioya",1C,1222.0,Central Province,Kandy District,Provincial schools,
Gampola,Udapalatha,"Jinaraja Boy's College, Gampola",1C,1221.0,Central Province,Kandy District,Provincial schools,
Gampola,Udapalatha,"St. Joseph's Balika Maha Vidyalaya, Gampola",1C,2762.0,Central Province,Kandy District,Provincial schools,
Gampola,Udapalatha,"Saraswthi Central College, Pussellawa",1C,950.0,Central Province,Kandy District,Provincial schools,
Gampola,Pasbage Korale,"St Andrew's Girls College, Nawalapitiya",1C,1168.0,Central Province,Kandy District,Provincial schools,
Gampola,Pasbage Korale,"Kathiresan Central College, Nawalapitiya",1C,980.0,Central Province,Kandy District,Provincial schools,
Gampola,Ganga Ihala Korale,"Kurunduwatta Royal College, Kurunduwatta Bazaar",1C,1139.0,Central Province,Kandy District,Provincial schools,
Gampola,Udapalatha,"Wimaladharma National School, Gampola",1C,750.0,Central Province,Kandy District,Provincial schools,
Gampola,Udapalatha,"Hindu National College, Pussellawa",1C,1054.0,Central Province,Kandy District,Provincial schools,
Katugastota,Akurana,"Akurana Muslim Balika Maha Vidyalaya, Akurana",1C,1736.0,Central Province,Kandy District,Provincial schools,
Teldeniya,Medadumbara,"Dunhinna Secondary School, Dunhinna",1C,448.0,Central Province,Kandy District,Provincial schools,
Teldeniya,Ududumbara,"Ududumbara Secondary School, Ududumbara",1C,573.0,Central Province,Kandy District,Provincial schools,
Wattegama,Kundasale,"Walala A. Ratnayaka Central College, Menikhinna",1C,1741.0,Central Province,Kandy District,Provincial schools,
Wattegama,Pathadumbara,"Wattegama Central College, Wattegama",1C,1504.0,Central Province,Kandy District,Provincial schools,
Wattegama,Pathadumbara,"Wattegama Balika Maha Vidyalaya, Wattegama",1C,2150.0,Central Province,Kandy District,Provincial schools,
Wattegama,Pujapitiya,"Nalanda Central College, Pujapitiya",1C,745.0,Central Province,Kandy District,Provincial schools,
Wattegama,Panvila,"Rajasingha Central College, Panvila",1C,434.0,Central Province,Kandy District,Provincial schools,
Kandy,Gangawata Korale,Lumbini Royal College Kandy,1C,586.0,Central Province,Kandy District,Provincial schools,
Kandy,Gangawata Korale,"Mahanama College, Kandy",1C,1647.0,Central Province,Kandy District,Provincial schools,
Kandy,Gangawata Korale,"D.S Senanayaka College, Kandy",1C,1368.0,Central Province,Kandy District,Provincial schools,
Kandy,Gangawata Korale,"Vidyaloka College, Kandy",1C,318.0,Central Province,Kandy District,Provincial schools,
Kandy,Gangawata Korale,"Risikala Saundarya Vidyalaya, Kandy",1C,179.0,Central Province,Kandy District,Provincial schools,
Kandy,Gangawata Korale,"Gothami Girl's College, Kandy",1C,1068.0,Central Province,Kandy District,Provincial schools,
Kandy,Gangawata Korale,"Sarasvi Uyana Maha Vidyalaya, Peradeniya",1C,2778.0,Central Province,Kandy District,Provincial schools,
Kandy,Gangawata Korale,"Gurudeniya Maha Vidyalaya, Gurudeniya",1C,877.0,Central Province,Kandy District,Provincial schools,
Kandy,Gangawata Korale,"Mavilmada Maha Vidyalaya, Mavilmada",1C,118.0,Central Province,Kandy District,Provincial schools,
Kandy,Gangawata Korale,"Siddhartha Maha Vidyalaya, Ampitiya",1C,431.0,Central Province,Kandy District,Provincial schools,
Kandy,Gangawata Korale,"Seevali Maha Vidyalaya, Hindagala",1C,587.0,Central Province,Kandy District,Provincial schools,
Kandy,Gangawata Korale,"Dharmawicrama Girls College, Katukale",1C,998.0,Central Province,Kandy District,Provincial schools,
Kandy,Gangawata Korale,"Zahira Boys College, Katugastota",1C,574.0,Central Province,Kandy District,Provincial schools,
Kandy,Gangawata Korale,"Kalaimagal Tamil Maha Vidyalayam, Kandy",1C,194.0,Central Province,Kandy District,Provincial schools,
Kandy,Gangawata Korale,"Sivananda Tamil Maha Vidyalayam, Kandy",1C,165.0,Central Province,Kandy District,Provincial schools,
Kandy,Gangawata Korale,"Vivekanandha College, Kandy",1C,460.0,Central Province,Kandy District,Provincial schools,
Kandy,Patha Hewaheta,"Etulgama Maha Vidyalaya, Etulgama",1C,318.0,Central Province,Kandy District,Provincial schools,
Kandy,Patha Hewaheta,"Badrawathi Maha Vidyalaya, Galaha",1C,430.0,Central Province,Kandy District,Provincial schools,
Kandy,Patha Hewaheta,"Karagaskada Maha Vidyalaya, Deltota",1C,570.0,Central Province,Kandy District,Provincial schools,
Kandy,Patha Hewaheta,"Milapitiya Maha Vidyalaya, Milapitiya",1C,550.0,Central Province,Kandy District,Provincial schools,
Kandy,Patha Hewaheta,"Uduwela Maha Vidyalaya, Uduwela",1C,535.0,Central Province,Kandy District,Provincial schools,
Kandy,Patha Hewaheta,"Haputale Maha Vidyalaya, Talatuoya",1C,586.0,Central Province,Kandy District,Provincial schools,
Kandy,Patha Hewaheta,"Deltota Muslim Maha Vidyalaya, Deltota",1C,933.0,Central Province,Kandy District,Provincial schools,
Kandy,Patha Hewaheta,"Al Husna Muslim Maha Vidyalaya, Udupitiya",1C,297.0,Central Province,Kandy District,Provincial schools,
Kandy,Patha Hewaheta,"Ududeniya Muslim Maha Vidyalaya, Marassana",1C,310.0,Central Province,Kandy District,Provincial schools,
Kandy,Patha Hewaheta,"Talatuoya Tamil Maha Vidyalayam, Talatuoya",1C,190.0,Central Province,Kandy District,Provincial schools,
Kandy,Patha Hewaheta,"Malaimaha Hindu Maha Vidyalayam, Deltota",1C,698.0,Central Province,Kandy District,Provincial schools,
Denuwara,Yatinuwara,"Danture Central College, Danture",1C,676.0,Central Province,Kandy District,Provincial schools,
Denuwara,Yatinuwara,"Dodamwala Maha Vidyalaya, Dodamwala",1C,345.0,Central Province,Kandy District,Provincial schools,
Denuwara,Yatinuwara,"Pelawa Maha Vidyalaya, Muruthalawa",1C,599.0,Central Province,Kandy District,Provincial schools,
Denuwara,Yatinuwara,"Rattepitiya Maha Vidyalaya, Manikadiwela",1C,164.0,Central Province,Kandy District,Provincial schools,
Denuwara,Yatinuwara,"Sri Pushpadana Maha Vidyalaya, Peradeniya",1C,781.0,Central Province,Kandy District,Provincial schools,
Denuwara,Yatinuwara,"Jamaliya Muslim Maha Vidyalaya, Danture",1C,175.0,Central Province,Kandy District,Provincial schools,
Denuwara,Yatinuwara,"Al Azhar Central College, Dehigama",1C,796.0,Central Province,Kandy District,Provincial schools,
Denuwara,Yatinuwara,"Yahalatenna Muslim Maha Vidyalaya, Yahalatenna",1C,477.0,Central Province,Kandy District,Provincial schools,
Denuwara,Udunuwara,"Gadaladeniya Maha Vidyalaya, Pilimatalawa",1C,297.0,Central Province,Kandy District,Provincial schools,
Denuwara,Udunuwara,"Pitawalawatta Maha Vidyalaya, Gelioya",1C,121.0,Central Province,Kandy District,Provincial schools,
Denuwara,Udunuwara,"Rangama Maha Vidyalaya, Handessa",1C,303.0,Central Province,Kandy District,Provincial schools,
Denuwara,Udunuwara,"Lankatilaka Maha Vidyalaya, Handessa",1C,429.0,Central Province,Kandy District,Provincial schools,
Denuwara,Udunuwara,"Wattapola Maha Vidyalaya, Wattapola",1C,315.0,Central Province,Kandy District,Provincial schools,
Denuwara,Udunuwara,"Wimaladharmasooriya Maha Vidyalaya, Peradeniya",1C,120.0,Central Province,Kandy District,Provincial schools,
Denuwara,Udunuwara,"Handessa Maha Vidyalaya, Handessa",1C,476.0,Central Province,Kandy District,Provincial schools,
Denuwara,Udunuwara,"Alapalwala Maha Vidyalaya, Handessa",1C,276.0,Central Province,Kandy District,Provincial schools,
Denuwara,Udunuwara,"Udaludeniya Maha Vidyalaya, Weligala",1C,599.0,Central Province,Kandy District,Provincial schools,
Denuwara,Udunuwara,"Sri Rewatha Maha Vidyalaya, Babagahatle",1C,331.0,Central Province,Kandy District,Provincial schools,
Denuwara,Udunuwara,"Kurukuttugala Muslim Maha Vidyalaya, Kadugannawa",1C,571.0,Central Province,Kandy District,Provincial schools,
Denuwara,Udunuwara,"Welamboda Muslim Maha Vidyalaya, Welamboda",1C,748.0,Central Province,Kandy District,Provincial schools,
Denuwara,Udunuwara,"Arafa Muslim Maha Vidyalaya, Handessa",1C,354.0,Central Province,Kandy District,Provincial schools,
Denuwara,Udunuwara,"Fatima Muslim Balika Maha Vidyalaya, Murutagahamulla",1C,354.0,Central Province,Kandy District,Provincial schools,
Gampola,Udapalatha,"Atabage Udagama Maha Vidyalaya, Maha Udagama",1C,505.0,Central Province,Kandy District,Provincial schools,
Gampola,Udapalatha,"Doluwa Maha Vidyalaya, Doluwa",1C,404.0,Central Province,Kandy District,Provincial schools,
Gampola,Udapalatha,"Nillamba Maha Vidyalaya, Nillamba",1C,758.0,Central Province,Kandy District,Provincial schools,
Gampola,Udapalatha,"Panvilatenna Maha Vidyalaya, Panvilatenna",1C,754.0,Central Province,Kandy District,Provincial schools,
Gampola,Udapalatha,"Wewatenna Maha Vidyalaya, Wewatenna",1C,384.0,Central Province,Kandy District,Provincial schools,
Gampola,Udapalatha,"Devi Balika Maha Vidyalaya, Singhapitiya",1C,296.0,Central Province,Kandy District,Provincial schools,
Gampola,Udapalatha,"Jinaraja Balika Maha Vidyalaya, Gamopola",1C,2317.0,Central Province,Kandy District,Provincial schools,
Gampola,Udapalatha,"Buddhist College, Gampola",1C,1257.0,Central Province,Kandy District,Provincial schools,
Gampola,Udapalatha,"Holy Trinity College, Pussellawa",1C,451.0,Central Province,Kandy District,Provincial schools,
Gampola,Udapalatha,"Kalugamuwa Central College, Gelioya",1C,723.0,Central Province,Kandy District,Provincial schools,
Gampola,Udapalatha,"Galtha Maha Vidyalaya, Yatipiyangala",1C,260.0,Central Province,Kandy District,Provincial schools,
Gampola,Udapalatha,"Al Mina Muslim Maha Vidyalaya, Kahatapitiya",1C,304.0,Central Province,Kandy District,Provincial schools,
Gampola,Udapalatha,"Al Hikma Muslim Maha Vidyalaya, Andiyakadawatta",1C,304.0,Central Province,Kandy District,Provincial schools,
Gampola,Udapalatha,"Gampola Muslim Maha Vidyalaya, Gampola",1C,605.0,Central Province,Kandy District,Provincial schools,
Gampola,Udapalatha,"Gampola Hindu College, Gampola",1C,1041.0,Central Province,Kandy District,Provincial schools,
Gampola,Pasbage Korale,"Rambukpitiya Maha Vidyalaya, Nawalapitiya",1C,343.0,Central Province,Kandy District,Provincial schools,
Gampola,Pasbage Korale,"St. Mary's College, Nawalapitiya",1C,511.0,Central Province,Kandy District,Provincial schools,
Gampola,Pasbage Korale,"Iqra Muslim Maha Vidyalaya, Ulapane",1C,661.0,Central Province,Kandy District,Provincial schools,
Gampola,Pasbage Korale,"Nawalapitiya Muslim Maha Vidyalaya, Nawalapitiya",1C,607.0,Central Province,Kandy District,Provincial schools,
Gampola,Pasbage Korale,"Westhall Tamil Maha Vidyalayam, Kataboola",1C,570.0,Central Province,Kandy District,Provincial schools,
Gampola,Ganga Ihala Korale,"Ulapane Maha Vidyalaya, Ulapane",1C,327.0,Central Province,Kandy District,Provincial schools,
Gampola,Ganga Ihala Korale,"Alutgamage Maha Vidyalaya, Galpaya",1C,680.0,Central Province,Kandy District,Provincial schools,
Gampola,Ganga Ihala Korale,"Giriulla Maha Vidyalaya, Meethalawa",1C,260.0,Central Province,Kandy District,Provincial schools,
Gampola,Ganga Ihala Korale,"Craghead Number 01 Tamil Maha Vidyalayam, Udahentenna",1C,370.0,Central Province,Kandy District,Provincial schools,
Katugastota,Tumpane,"Idamegama Maha Vidyalaya, Warrallagama",1C,665.0,Central Province,Kandy District,Provincial schools,
Katugastota,Tumpane,"Uduwa Maha Vidyalaya, Uduwa",1C,307.0,Central Province,Kandy District,Provincial schools,
Katugastota,Tumpane,"Galabawa Maha Vidyalaya, Kahapathwala",1C,227.0,Central Province,Kandy District,Provincial schools,
Katugastota,Tumpane,"Girihagama Maha Vidyalaya, Kumburegama",1C,184.0,Central Province,Kandy District,Provincial schools,
Katugastota,Tumpane,"Minigamuwa Maha Vidyalaya, Minigamuwa",1C,253.0,Central Province,Kandy District,Provincial schools,
Katugastota,Akurana,"Zahira Central College, Akurana",1C,1201.0,Central Province,Kandy District,Provincial schools,
Katugastota,Thumpane,"Sujatha Balika National School, Galagedara",1C,891.0,Central Province,Kandy District,Provincial schools,
Katugastota,Tumpane,"Medagama Maha Vidyalaya, Poholiyadda",1C,233.0,Central Province,Kandy District,Provincial schools,
Katugastota,Harispattuwa,"Dharmavijaya Maha Vidyalaya, Gohugoda",1C,742.0,Central Province,Kandy District,Provincial schools,
Katugastota,Harispattuwa,"Ananda College, Medawala",1C,869.0,Central Province,Kandy District,Provincial schools,
Katugastota,Harispattuwa,"Halloluwa Maha Vidyalaya, Halloluwa",1C,288.0,Central Province,Kandy District,Provincial schools,
Katugastota,Harispattuwa,"Premaratana Maha Vidyalaya, Kalugammana",1C,409.0,Central Province,Kandy District,Provincial schools,
Katugastota,Harispattuwa,"Doranegama Maha Vidyalaya, Medawala",1C,75.0,Central Province,Kandy District,Provincial schools,
Katugastota,Harispattuwa,"Janaraja Maha Vidyalaya, Ranawana",1C,297.0,Central Province,Kandy District,Provincial schools,
Katugastota,Harispattuwa,"Kurundugolla Muslim Maha Vidyalaya, Warallagama",1C,334.0,Central Province,Kandy District,Provincial schools,
Katugastota,Harispattuwa,"Meera Muslim Maha Vidyalaya, Uguressapitiya",1C,475.0,Central Province,Kandy District,Provincial schools,
Katugastota,Harispattuwa,"Inigala Muslim Maha Vidyalaya, Inigala",1C,261.0,Central Province,Kandy District,Provincial schools,
Katugastota,Hataraliyadda,"Aludeniya Maha Vidyalaya, Aludeniya",1C,264.0,Central Province,Kandy District,Provincial schools,
Katugastota,Hataraliyadda,"Dedunupitiya Maha Vidyalaya, Dedunupitiya",1C,404.0,Central Province,Kandy District,Provincial schools,
Katugastota,Hataraliyadda,"Sangharajapura Maha Vidyalaya, Sangharajapura",1C,326.0,Central Province,Kandy District,Provincial schools,
Katugastota,Hataraliyadda,"Palena Maha Vidyalaya, Hataraliyadda",1C,232.0,Central Province,Kandy District,Provincial schools,
Katugastota,Hataraliyadda,"Muruddeniya Maha Vidyalaya, Sangharajapura",1C,146.0,Central Province,Kandy District,Provincial schools,
Katugastota,Hataraliyadda,"Dehideniya Muslim Maha Vidyalaya, Dehideniya",1C,386.0,Central Province,Kandy District,Provincial schools,
Katugastota,Poojapitiya,"Pushpadana Maha Vidyalaya, Ambatenna",1C,527.0,Central Province,Kandy District,Provincial schools,
Katugastota,Poojapitiya,"Dolapihilla Maha Vidyalaya, Dolapihilla",1C,499.0,Central Province,Kandy District,Provincial schools,
Katugastota,Poojapitiya,"Jamaliya Muslim Maha Vidyalaya, Batagolladeniya",1C,361.0,Central Province,Kandy District,Provincial schools,
Katugastota,Poojapitiya,"Sri Devananda Maha Vidyalaya, Udagama",1C,434.0,Central Province,Kandy District,Provincial schools,
Katugastota,Poojapitiya,"Parakrama National School, Ankumbura",1C,664.0,Central Province,Kandy District,Provincial schools,
Katugastota,Poojapitiya,"Sri Veluwana Maha Vidyalaya, Ihalamulla",1C,252.0,Central Province,Kandy District,Provincial schools,
Katugastota,Poojapitiya,"Harankahawa Maha Vidyalaya, Harankahawa",1C,14.0,Central Province,Kandy District,Provincial schools,
Katugastota,Poojapitiya,"Sri Piyadassi Maha Vidyalaya, Molagoda",1C,744.0,Central Province,Kandy District,Provincial schools,
Katugastota,Akurana,"Rathnapala Maha Vidyalaya, Dunuvila",1C,231.0,Central Province,Kandy District,Provincial schools,
Katugastota,Akurana,"Vilana Nandana Maha Vidyalaya, Vilanagama",1C,257.0,Central Province,Kandy District,Provincial schools,
Katugastota,Akurana,"Saddhanannda Maha Vidyalaya, Konakalagala",1C,276.0,Central Province,Kandy District,Provincial schools,
Katugastota,Akurana,"Lukmania Muslim Maha Vidyalaya, Pangollamada",1C,311.0,Central Province,Kandy District,Provincial schools,
Katugastota,Akurana,"Rambukela Muslim Maha Vidyalaya, Rambukela",1C,333.0,Central Province,Kandy District,Provincial schools,
Teldeniya,Medadumbara,"Udispattuwa Secondary School, Udispattuwa",1C,573.0,Central Province,Kandy District,Provincial schools,
Teldeniya,Medadumbara,"Gamini Bandaranayaka Maha Vidyalaya, Teldeniya",1C,374.0,Central Province,Kandy District,Provincial schools,
Teldeniya,Medadumbara,"Madamahanuwara Central College, Medamahanuwra",1C,621.0,Central Province,Kandy District,Provincial schools,
Teldeniya,Medadumbara,"Waradiwella Maha Vidyalaya, Mukuldeniya",1C,178.0,Central Province,Kandy District,Provincial schools,
Teldeniya,Medadumbara,"Mahabodhi Maha Vidyalaya, Dunuwila",1C,253.0,Central Province,Kandy District,Provincial schools,
Teldeniya,Medadumbara,"Senarathwela Maha Vidyalaya, Rajawella",1C,305.0,Central Province,Kandy District,Provincial schools,
Teldeniya,Medadumbara,"Hijrapura Muslim Maha Vidyalaya, Digana",1C,537.0,Central Province,Kandy District,Provincial schools,
Teldeniya,Medadumbara,"Mahaberiyatenna Tamil Maha Vidyalayam, Rajawella",1C,322.0,Central Province,Kandy District,Provincial schools,
Teldeniya,Medadumbara,"Rangala Tamil Maha Vidyalaya, Rangala",1C,233.0,Central Province,Kandy District,Provincial schools,
Teldeniya,Ududumbara,"Wimaladharma Secondary School, Kaluntenna",1C,244.0,Central Province,Kandy District,Provincial schools,
Teldeniya,Ududumbara,"Chulabhaya Secondary School, Kahataliyadda",1C,380.0,Central Province,Kandy District,Provincial schools,
Teldeniya,Ududumbara,"Nugatenna Maha Vidyalaya, Hunnasgiriya",1C,384.0,Central Province,Kandy District,Provincial schools,
Teldeniya,Ududumbara,"Madugalla Maha Vidyalaya, Madugalla",1C,279.0,Central Province,Kandy District,Provincial schools,
Teldeniya,Ududumbara,"Siwaneswara Maha Vidyalayam, Hunnasgiriya",1C,394.0,Central Province,Kandy District,Provincial schools,
Teldeniya,Minipe,"Pilahata Maha Vidyalaya, Hasalaka",1C,680.0,Central Province,Kandy District,Provincial schools,
Teldeniya,Minipe,"Bandaranayaka Secondary School, Udawela",1C,766.0,Central Province,Kandy District,Provincial schools,
Teldeniya,Minipe,"Sanghabodhi Central College, Minipe",1C,542.0,Central Province,Kandy District,Provincial schools,
Teldeniya,Minipe,"Kolongoda Central College, Kolongoda",1C,1429.0,Central Province,Kandy District,Provincial schools,
Teldeniya,Medadumbara,"Amupitiya Central College, Udispattuwa",1C,659.0,Central Province,Kandy District,Provincial schools,
Teldeniya,Minipe,"Handaganawa Maha Vidyalaya, Handaganawa",1C,545.0,Central Province,Kandy District,Provincial schools,
Wattegama,Kundasale,"Tennakon Wimalananda Maha Vidyalaya, Gunnepana",1C,116.0,Central Province,Kandy District,Provincial schools,
Wattegama,Kundasale,"Udagagama Maha Vidyalaya, Menikhinna",1C,231.0,Central Province,Kandy District,Provincial schools,
Wattegama,Kundasale,"Kengalla Maha Vidyalaya, Kengalla",1C,999.0,Central Province,Kandy District,Provincial schools,
Wattegama,Kundasale,"Wimalaratna Kumaragama Maha Vidyalaya, Narampanawa",1C,187.0,Central Province,Kandy District,Provincial schools,
Wattegama,Kundasale,"Pilawela Maha Vidyalaya, Pilawela",1C,555.0,Central Province,Kandy District,Provincial schools,
Wattegama,Kundasale,"Mahawatta Maha Vidyalaya, Kundasale",1C,319.0,Central Province,Kandy District,Provincial schools,
Wattegama,Kundasale,"Menikhinna Maha Vidyalaya, Menikhinna",1C,435.0,Central Province,Kandy District,Provincial schools,
Wattegama,Kundasale,"Lunuketiyamaditta Maha Vidyalaya, Lunuketiyamaditta",1C,462.0,Central Province,Kandy District,Provincial schools,
Wattegama,Kundasale,"Sirimalwatta Maha Vidyalaya, Gunnepana",1C,497.0,Central Province,Kandy District,Provincial schools,
Wattegama,Kundasale,"C.W.W Kannangara Maha Vidyalaya, Rajawella",1C,160.0,Central Province,Kandy District,Provincial schools,
Wattegama,Kundasale,"Dharmaloka Maha Vidyalaya, Menikhinna",1C,240.0,Central Province,Kandy District,Provincial schools,
Wattegama,Kundasale,"Hureekaduwa Girls College, Menikhinna",1C,862.0,Central Province,Kandy District,Provincial schools,
Wattegama,Kundasale,"Al Hikma Muslim Maha Vidyalaya, Kumbukkandura",1C,881.0,Central Province,Kandy District,Provincial schools,
Wattegama,Pathadumbara,"Doragamuwa Maha Vidyalaya, Doragamuwa",1C,312.0,Central Province,Kandy District,Provincial schools,
Wattegama,Pathadumbara,"Paranagama Maha Vidyalaya, Jambugahapitiya",1C,328.0,Central Province,Kandy District,Provincial schools,
Wattegama,Pathadumbara,"Mahaweli Maha Vidyalaya, Nawayaltenna",1C,257.0,Central Province,Kandy District,Provincial schools,
Wattegama,Pathadumbara,"Rathanajothi Maha Vidyalaya, Udatalawinna",1C,185.0,Central Province,Kandy District,Provincial schools,
Wattegama,Pathadumbara,"Pathadumbara Maha Vidyalaya, Menikhinna",1C,2100.0,Central Province,Kandy District,Provincial schools,
Wattegama,Pathadumbara,"Mahasen Maha Vidyalaya, Megodagama",1C,366.0,Central Province,Kandy District,Provincial schools,
Wattegama,Pathadumbara,"Samudradevi Balika Maha Vidyalaya, Nawayaltenna",1C,890.0,Central Province,Kandy District,Provincial schools,
Wattegama,Pathadumbara,"Kandy Model School, Palletalawinna",1C,1306.0,Central Province,Kandy District,Provincial schools,
Wattegama,Pathadumbara,"Jamiul Azhar Muslim Maha Vidyalaya, Udatalawinna",1C,1019.0,Central Province,Kandy District,Provincial schools,
Wattegama,Pathadumbara,"Al Safa Muslim Maha Vidyalaya, Polgolla",1C,287.0,Central Province,Kandy District,Provincial schools,
Wattegama,Pathadumbara,"Bharathi Tamil Maha Vidyalayam, Wattegama",1C,400.0,Central Province,Kandy District,Provincial schools,
Wattegama,Kundasale,"S.W.R.D Bandaranayaka National School, Kundasale",1C,730.0,Central Province,Kandy District,Provincial schools,
Wattgama,Panvila,"Kosgama Maha Vidyalaya, Madukele",1C,238.0,Central Province,Kandy District,Provincial schools,
Wattgama,Panvila,"Kandakattiya Tamil Maha Vidyalayam, Tawalantenna",1C,401.0,Central Province,Kandy District,Provincial schools,
Wattgama,Panvila,"Abirami Tamil Maha Vidyalayam, Kalabokka",1C,712.0,Central Province,Kandy District,Provincial schools,
Matale,Matale,"Vijaya College, Matale",1AB,2280.0,Central Province,Matale District,National schools,
Matale,Matale,"St. Thomas' College, Matale",1AB,2732.0,Central Province,Matale District,National schools,
Matale,Matale,"Christ Church College, Matale",1AB,2170.0,Central Province,Matale District,National schools,
Matale,Matale,"Sri Sangamitta Balika National School, Matale",1AB,3061.0,Central Province,Matale District,National schools,
Matale,Matale,"Zahira College, Matale",1AB,2088.0,Central Province,Matale District,National schools,
Matale,Matale,"Amina Girl's National School, Matale",1AB,2087.0,Central Province,Matale District,National schools,
Matale,Matale,"Pakkiyam National School, Matale",1AB,1649.0,Central Province,Matale District,National schools,
Matale,Matale,"Matale Hindu College, Matale",1AB,1429.0,Central Province,Matale District,National schools,
Matale,Ukuwela,"Ajmeer National School, Elakaduwa",1AB,1000.0,Central Province,Matale District,National schools,
Galewela,Dambulla,"Rangiri Dambulu National School, Dambulla",1AB,2555.0,Central Province,Matale District,National schools,
Galewela,Pallepola,"Weera Keppetipola Central College, Akuramboda",1AB,1408.0,Central Province,Matale District,National schools,
Naula,Naula,"Sri Naga National School, Naula",1AB,1562.0,Central Province,Matale District,National schools,
Matale,Matale,"Government Science College, Matale",1AB,857.0,Central Province,Matale District,Provincial schools,
Matale,Matale,"Vijayapala Maha Vidyalaya, Matale",1AB,2122.0,Central Province,Matale District,Provincial schools,
Matale,Yatawatta,"Weeraparakrama Secondary College, Yatawatta",1AB,1069.0,Central Province,Matale District,Provincial schools,
Matale,Rattota,"Kaikawala Central College, Kaikawla",1AB,1272.0,Central Province,Matale District,Provincial schools,
Galewela,Galewela,"Galewela Central College, Galewela",1AB,2108.0,Central Province,Matale District,Provincial schools,
Galewela,Pallepola,"Mahabodhi Secondary College, Pallepola",1AB,763.0,Central Province,Matale District,Provincial schools,
Wilgamuwa,Wilgamuwa,"Naminioya Central College, Naminioya",1AB,1701.0,Central Province,Matale District,Provincial schools,
Wilgamuwa,Laggala,"Haththotaamuna Maha Vidyalaya, Haththotaamuna",1AB,355.0,Central Province,Matale District,Provincial schools,
Matale,Matale,"Buddhagosha Maha Vidyalaya, Palapatwela",1C,820.0,Central Province,Matale District,Provincial schools,
Matale,Matale,"Madavala Ulpatha Secondary School, Madawala Ulapatha",1C,786.0,Central Province,Matale District,Provincial schools,
Matale,Matale,"Aluvihare Maha Vidyalaya, Aluvihare",1C,319.0,Central Province,Matale District,Provincial schools,
Matale,Matale,"Sujatha Balika Maha Vidyalaya, Kumbiyangoda",1C,827.0,Central Province,Matale District,Provincial schools,
Matale,Matale,"Sirimavo Bandaranayaka Model School, Matale",1C,1722.0,Central Province,Matale District,Provincial schools,
Matale,Matale,"Kalaimahal Maha Vidyalaya, Kawudupalella",1C,352.0,Central Province,Matale District,Provincial schools,
Matale,Rattota,"Bandarapola Maha Vidyalaya, Kiula",1C,639.0,Central Province,Matale District,Provincial schools,
Matale,Rattota,"Sri Parakrama Maha Vidyalaya, Rattota",1C,760.0,Central Province,Matale District,Provincial schools,
Matale,Rattota,"Sri Seevali Maha Vidyalaya, Weragama",1C,459.0,Central Province,Matale District,Provincial schools,
Matale,Rattota,"Dankanda Maha Vidyalaya, Dankanda",1C,334.0,Central Province,Matale District,Provincial schools,
Matale,Rattota,"Neluwakanda Buddhist School, Muwandeniya",1C,168.0,Central Province,Matale District,Provincial schools,
Matale,Rattota,"Rattota Hindu Maha Vidyalayam, Rattota",1C,717.0,Central Province,Matale District,Provincial schools,
Matale,Rattota,"Kandenuwara Tamil Maha Vidyalaya, Kandenuwara",1C,292.0,Central Province,Matale District,Provincial schools,
Matale,Ukuwela,"Ovilkanda Maha Vidyalaya, Ovilkanda",1C,300.0,Central Province,Matale District,Provincial schools,
Matale,Ukuwela,"Siddhartha Maha Vidyalaya, Nagolla",1C,337.0,Central Province,Matale District,Provincial schools,
Matale,Ukuwela,"Mahinda Rajapaksha Maha Vidyalaya, Ukuwela",1C,1042.0,Central Province,Matale District,Provincial schools,
Matale,Ukuwela,"Leliambe Maha Vidyalaya, Leliambe",1C,235.0,Central Province,Matale District,Provincial schools,
Matale,Ukuwela,"Thenna Maha Vidyalaya, Thenna",1C,247.0,Central Province,Matale District,Provincial schools,
Matale,Ukuwela,"Sri Saranankara Maha Vidyalaya, Udupihilla",1C,287.0,Central Province,Matale District,Provincial schools,
Matale,Ukuwela,"Annor Muslim Maha Vidyalaya, Warakamura",1C,683.0,Central Province,Matale District,Provincial schools,
Matale,Ukuwela,"Hameediya Muslim College, Kureewela",1C,1019.0,Central Province,Matale District,Provincial schools,
Matale,Ukuwela,"Elakaduwa Tamil Maha Vidyalayam, Elakaduwa",1C,422.0,Central Province,Matale District,Provincial schools,
Matale,Yatawatta,"Dullewa Maha Vidyalaya, Dullewa",1C,183.0,Central Province,Matale District,Provincial schools,
Matale,Yatawatta,"D.M Gunarathna Maha Vidyalaya, Mahawewa",1C,153.0,Central Province,Matale District,Provincial schools,
Matale,Yatawatta,"Anagarika Dharmapala Maha Vidyalaya, Udasgiriya",1C,349.0,Central Province,Matale District,Provincial schools,
Matale,Yatawatta,"Maliyadewa Maha Vidyalaya, Deevilla",1C,366.0,Central Province,Matale District,Provincial schools,
Matale,Yatawatta,"Minhaj Muslim Maha Vidyalaya, Nikagolla",1C,504.0,Central Province,Matale District,Provincial schools,
Galewela,Galewela,"Madipola Maha Vidyalaya, Madipola",1C,403.0,Central Province,Matale District,Provincial schools,
Galewela,Galewela,"Medabedda Maha Vidyalaya, Wahakotte",1C,692.0,Central Province,Matale District,Provincial schools,
Galewela,Galewela,"Mukulgaswewa Maha Vidyalaya, Dewahuwa",1C,401.0,Central Province,Matale District,Provincial schools,
Galewela,Galewela,"St. Anthoni's College, Wahakotte",1C,337.0,Central Province,Matale District,Provincial schools,
Galewela,Galewela,"Hombawa Maha Vidyalaya, Bambaragaswewa",1C,255.0,Central Province,Matale District,Provincial schools,
Galewela,Galewela,"Silwathgala Maha Vidyalaya, Beliyakanda",1C,358.0,Central Province,Matale District,Provincial schools,
Galewela,Galewela,"Moragolla Maha Vidyalaya, Bambaragaswewa",1C,286.0,Central Province,Matale District,Provincial schools,
Galewela,Galewela,"Tholambugolla Maha Vidyalaya, Tholambugolla",1C,810.0,Central Province,Matale District,Provincial schools,
Galewela,Galewela,"Al Furkhan Muslim Maha Vidyalaya, Namadagahawatta",1C,579.0,Central Province,Matale District,Provincial schools,
Galewela,Galewela,"Dewahuwa Muslim Maha Vidyalaya, Dewahuwa",1C,441.0,Central Province,Matale District,Provincial schools,
Galewela,Galewela,"Elamalpotha Muslim Maha Vidyalaya, Wahakotte",1C,262.0,Central Province,Matale District,Provincial schools,
Galewela,Galewela,"Keppetiya Muslim Maha Vidyalaya, Galewela",1C,375.0,Central Province,Matale District,Provincial schools,
Galewela,Dambulla,"Weera Mohan Jayamaha Maha Vidyalaya, Dambulla",1C,1625.0,Central Province,Matale District,Provincial schools,
Galewela,Dambulla,"D.S Senanayaka Maha Vidyalaya, Dambulla",1C,596.0,Central Province,Matale District,Provincial schools,
Galewela,Dambulla,"Thennakoon Maha Vidyalaya, Kandalama",1C,259.0,Central Province,Matale District,Provincial schools,
Galewela,Dambulla,"Sigiriya Maha Vidyalaya, Sigiriya",1C,822.0,Central Province,Matale District,Provincial schools,
Galewela,Dambulla,"Weera Wijaya Wimalarathna Maha Vidyalaya, Inamaluwa",1C,468.0,Central Province,Matale District,Provincial schools,
Galewela,Dambulla,"Thalakiriyagama Maha Vidyalaya, Thalakiriyagama",1C,600.0,Central Province,Matale District,Provincial schools,
Galewela,Dambulla,"Pannampitiya Maha Vidyalaya, Lenadora",1C,419.0,Central Province,Matale District,Provincial schools,
Galewela,Dambulla,"Wewalawewa Maha Vidyalaya, Wewalawewa",1C,399.0,Central Province,Matale District,Provincial schools,
Galewela,Dambulla,"Nikawatana Muslim Maha Vidyalaya, Nikawatana",1C,362.0,Central Province,Matale District,Provincial schools,
Galewela,Pallepola,"Maningamuwa Maha Vidyalaya, Maningamuwa",1C,238.0,Central Province,Matale District,Provincial schools,
Galewela,Pallepola,"Millawana Maha Vidyalaya, Millawana",1C,346.0,Central Province,Matale District,Provincial schools,
Galewela,Pallepola,"Arafa Muslim Maha Vidyalaya, Madipola",1C,473.0,Central Province,Matale District,Provincial schools,
Naula,Naula,"Montigopallawa Maha Vidyalaya, Koongahawela",1C,239.0,Central Province,Matale District,Provincial schools,
Naula,Naula,"Koongahawela Maha Vidyalaya, Koongahawela",1C,422.0,Central Province,Matale District,Provincial schools,
Naula,Naula,"Nalanda Maha Vidyalaya, Nalanda",1C,542.0,Central Province,Matale District,Provincial schools,
Naula,Naula,"Melpitiya Maha Vidyalaya, Melpitiya",1C,220.0,Central Province,Matale District,Provincial schools,
Naula,Naula,"Andawala Maha Vidyalaya, Madawala Ulpotha",1C,315.0,Central Province,Matale District,Provincial schools,
Naula,Naula,"Elagamuwa Maha Vidyalaya, Thalagoda Junction",1C,183.0,Central Province,Matale District,Provincial schools,
Naula,Ambanganga Korale,"Pussella Maha Vidyalya, Gammaduwa",1C,311.0,Central Province,Matale District,Provincial schools,
Naula,Ambanganga Korale,"Mahinda Secondary School, Matihakka",1C,230.0,Central Province,Matale District,Provincial schools,
Naula,Ambanganga Korale,"Gammaduwa Tamil Maha Vidyalayam, Gammaduwa",1C,280.0,Central Province,Matale District,Provincial schools,
Wilgamuwa,Wilgamuwa,"Maraka Maha Vidyalaya, Maraka",1C,662.0,Central Province,Matale District,Provincial schools,
Wilgamuwa,Wilgamuwa,"Handungamuwa Maha Vidyalaya, Handungamuwa",1C,389.0,Central Province,Matale District,Provincial schools,
Wilgamuwa,Wilgamuwa,"Nugagolla Maha Vidyalaya, Nugagolla",1C,537.0,Central Province,Matale District,Provincial schools,
Wilgamuwa,Laggala,"Minipura Wijaya Maha Vidyalaya, Haththotaamuna",1C,291.0,Central Province,Matale District,Provincial schools,
Wilgamuwa,Laggala,"Pallegama Maha Vidyalaya, Pallegama",1C,273.0,Central Province,Matale District,Provincial schools,
Wilgamuwa,Laggala,"Sri Sumana Maha Vidyalaya, Ilukkumbura",1C,155.0,Central Province,Matale District,Provincial schools,
Nuwara Eliya,Nuwara Eliya,"Gamini National School, Nuwara Eliya",1AB,1376.0,Central Province,Nuwara Eliya District,National schools,
Kotmale,Kotmale,"Jayahela National School, Pundaluoya",1AB,587.0,Central Province,Nuwara Eliya District,National schools,
Kotmale,Kotmale,"Gamini Dissanayake National School, Kotmale",1AB,1096.0,Central Province,Nuwara Eliya District,National schools,
Kotmale,Kotmale,"Al Minhaj National School, Hapugasthalawa",1AB,668.0,Central Province,Nuwara Eliya District,National schools,
Hanguranketha,Udahewahata,"Poramadulla Central College, Rikillagaskada",1AB,3401.0,Central Province,Nuwara Eliya District,National schools,
Hanguranketha,Udahewahata,"Victoria National School, Adhikarigama",1AB,687.0,Central Province,Nuwara Eliya District,National schools,
Walapane,Walapane,"Sri Sumangala National School, Nildandahinna",1AB,1437.0,Central Province,Nuwara Eliya District,National schools,
Nuwara Eliya,Nuwara Eliya,"Sumana Secondary School, Talawakale",1AB,553.0,Central Province,Nuwara Eliya District,Provincial schools,
Nuwara Eliya,Nuwara Eliya,"Good Shepherd's Balika Maha Vidyalaya, Nuwara Eliya",1AB,1629.0,Central Province,Nuwara Eliya District,Provincial schools,
Nuwara Eliya,Nuwara Eliya Tamil-1,"St. Xavier's College, Nuwara Eliya",1AB,715.0,Central Province,Nuwara Eliya District,Provincial schools,
Nuwara Eliya,Nuwara Eliya Tamil-1,"Holy Trinity College, Nuwara Eliya",1AB,1084.0,Central Province,Nuwara Eliya District,Provincial schools,
Nuwara Eliya,Nuwara Eliya Tamil-2,"Talawakelle Tamil Maha Vidyalayam, Talawakale",1AB,2123.0,Central Province,Nuwara Eliya District,Provincial schools,
Nuwara Eliya,Nuwara Eliya Tamil-2,"Kotagala Tamil Maha Vidyalayam, Kotagala",1AB,2530.0,Central Province,Nuwara Eliya District,Provincial schools,
Nuwara Eliya,Nuwara Eliya Tamil-2,"Cambridge College, Kotagala",1AB,782.0,Central Province,Nuwara Eliya District,Provincial schools,
Hatton,Ambagamuwa,"Ginigathena Central College, Ginigathena",1AB,1617.0,Central Province,Nuwara Eliya District,Provincial schools,
Hatton,Ambagamuwa,"Sri Pada Central College, Hatton",1AB,783.0,Central Province,Nuwara Eliya District,Provincial schools,
Hatton,Ambagamuwa,"St. Gabriel's Girls College, Hatton",1AB,1571.0,Central Province,Nuwara Eliya District,Provincial schools,
Hatton,Ambagamuwa,"Sri Nissankamalla Maha Vidyalaya, Hatton",1AB,225.0,Central Province,Nuwara Eliya District,Provincial schools,
Hatton,Ambagamuwa,"Laxapana Central College, Laxapana",1AB,482.0,Central Province,Nuwara Eliya District,Provincial schools,
Hatton,Ambagamuwa,"Ambagamuwa Central College, Ambagamuwa",1AB,706.0,Central Province,Nuwara Eliya District,Provincial schools,
Hatton,Hatton Tamil-1,"Highlands College, Hatton",1AB,2114.0,Central Province,Nuwara Eliya District,Provincial schools,
Hatton,Hatton Tamil-1,"St. John Bosco's College, Hatton",1AB,1655.0,Central Province,Nuwara Eliya District,Provincial schools,
Hatton,Hatton Tamil-3,"St. Joseph's College, Maskeliya",1AB,1090.0,Central Province,Nuwara Eliya District,Provincial schools,
Kotmale,Kotmale,"Hedunuwewa Central College, Hatton",1AB,,Central Province,Nuwara Eliya District,Provincial schools,
Kotmale,Kotmale,"Harangala Central College, Nawalapitiya",1AB,742.0,Central Province,Nuwara Eliya District,Provincial schools,
Kotmale,Kotmale,"Delta Gemunupura College, Pussellawa",1AB,1315.0,Central Province,Nuwara Eliya District,Provincial schools,
Kotmale,Kotmale,"Weerasekara Secondary School, Katukithula",1AB,419.0,Central Province,Nuwara Eliya District,Provincial schools,
Kotmale,Kotmale,"Pundaluoya Tamil Maha Vidyalayam, Pundaluoya",1AB,1654.0,Central Province,Nuwara Eliya District,Provincial schools,
Hanguranketha,Udahewahata,"Pallebowewa Maha Vidyalaya, Pallebowewa",1AB,870.0,Central Province,Nuwara Eliya District,Provincial schools,
Hanguranketha,Udahewahata,"Diyathilaka Central College, Hanguranketha",1AB,1431.0,Central Province,Nuwara Eliya District,Provincial schools,
Hanguranketha,Udahewahata,"Sirimavo Bandaranayaka Girls College, Hanguranketha",1AB,749.0,Central Province,Nuwara Eliya District,Provincial schools,
Hanguranketha,Udahewahata,"Denike Secondary School, Rikillagaskada",1AB,1797.0,Central Province,Nuwara Eliya District,Provincial schools,
Walapane,Walapane,"Pussadewa Central College, Batagolla",1AB,633.0,Central Province,Nuwara Eliya District,Provincial schools,
Walapane,Walapane,"T.B.M Herath Secondary School, Halgranoya",1AB,1201.0,Central Province,Nuwara Eliya District,Provincial schools,
Walapane,Walapane,"Ragala Tamil Maha Vidyalayam, Ragala",1AB,1232.0,Central Province,Nuwara Eliya District,Provincial schools,
Nuwara Eliya,Nuwara Eliya,"Lindula Sinhala Maha Vidyalaya, Lindula",1C,195.0,Central Province,Nuwara Eliya District,Provincial schools,
Nuwara Eliya,Nuwara Eliya,"Sri Vajiragana Maha Vidyalaya, Hawaeliya",1C,349.0,Central Province,Nuwara Eliya District,Provincial schools,
Nuwara Eliya,Nuwara Eliya,"Agarapatana Sinhala Maha Vidyalaya, Agarapatana",1C,320.0,Central Province,Nuwara Eliya District,Provincial schools,
Nuwara Eliya,Nuwara Eliya,"Paynter Memorial School, Nuwara Eliya",1C,412.0,Central Province,Nuwara Eliya District,Provincial schools,
Nuwara Eliya,Nuwara Eliya,"Mahinda Maha Vidyalaya, Kandapola",1C,225.0,Central Province,Nuwara Eliya District,Provincial schools,
Nuwara Eliya,Nuwara Eliya,"Sri Senananda Maha Vidyalaya, Meepilimana",1C,588.0,Central Province,Nuwara Eliya District,Provincial schools,
Nuwara Eliya,Nuwara Eliya,"Girls High School, Nuwara Eliya",1C,653.0,Central Province,Nuwara Eliya District,Provincial schools,
Nuwara Eliya,Nuwara Eliya,"Kikiliyamana Maha Vidyalaya, Labukele",1C,362.0,Central Province,Nuwara Eliya District,Provincial schools,
Nuwara Eliya,Nuwara Eliya Tamil-1,"St. Coom's Maha Vidyalayam, Thalawakele",1C,847.0,Central Province,Nuwara Eliya District,Provincial schools,
Nuwara Eliya,Nuwara Eliya Tamil-1,"Good Rest Balika Maha Vidyalayam, Nuwaraeliya",1C,761.0,Central Province,Nuwara Eliya District,Provincial schools,
Nuwara Eliya,Nuwara Eliya Tamil-1,"Methodist College, Kandhapola",1C,1028.0,Central Province,Nuwara Eliya District,Provincial schools,
Nuwara Eliya,Nuwara Eliya Tamil-1,"Dess Ford Tamil Maha Vidyalayam, Nanuoya",1C,501.0,Central Province,Nuwara Eliya District,Provincial schools,
Nuwara Eliya,Nuwara Eliya Tamil-1,"Nawlar Tamil Maha Vidyalayam, Nanuoya",1C,776.0,Central Province,Nuwara Eliya District,Provincial schools,
Nuwara Eliya,Nuwara Eliya Tamil-2,"Saraswati Tamil Maha Vidyalayam, Lindula",1C,825.0,Central Province,Nuwara Eliya District,Provincial schools,
Nuwara Eliya,Nuwara Eliya Tamil-2,"Watagoda Tamil Maha Vidyalayam, Watagoda",1C,854.0,Central Province,Nuwara Eliya District,Provincial schools,
Nuwara Eliya,Nuwara Eliya Tamil-2,"Dimbula Tamil Maha Vidyalayam, Patana",1C,525.0,Central Province,Nuwara Eliya District,Provincial schools,
Nuwara Eliya,Nuwara Eliya Tamil-2,"St. Clair Tamil Maha vidyalayam, Thalawakele",1C,542.0,Central Province,Nuwara Eliya District,Provincial schools,
Nuwara Eliya,Nuwara Eliya Tamil-2,"Ythanside Tamil Maha Vidyalayam, Kotagala",1C,492.0,Central Province,Nuwara Eliya District,Provincial schools,
Nuwara Eliya,Nuwara Eliya Tamil-2,"Barathi Tamil Maha Vidyalayam, Thalawakele",1C,683.0,Central Province,Nuwara Eliya District,Provincial schools,
Nuwara Eliya,Nuwara Eliya Tamil-3,"Holbrook Tamil Maha Vidyalayam, Agarapatana",1C,1077.0,Central Province,Nuwara Eliya District,Provincial schools,
Nuwara Eliya,Nuwara Eliya Tamil-3,"Agarapatana Tamil Maha Vidyalayam, Agarapatana",1C,743.0,Central Province,Nuwara Eliya District,Provincial schools,
Nuwara Eliya,Nuwara Eliya Tamil-3,"Dayagama West Tamil Maha Vidyalayam, Dayagama",1C,766.0,Central Province,Nuwara Eliya District,Provincial schools,
Nuwara Eliya,Nuwara Eliya Tamil-3,"Maria Tamil Maha Vidyalayam, Lindula",1C,1099.0,Central Province,Nuwara Eliya District,Provincial schools,
Hatton,Ambagamuwa,"Noorwood Sinhala Maha Vidyalaya, Noorwood",1C,170.0,Central Province,Nuwara Eliya District,Provincial schools,
Hatton,Ambagamuwa,"Samaneliya Maha Vidyalaya, Maskeliya",1C,379.0,Central Province,Nuwara Eliya District,Provincial schools,
Hatton,Ambagamuwa,"Vidulipura Maha Vidyalaya, Vidulipura",1C,376.0,Central Province,Nuwara Eliya District,Provincial schools,
Hatton,Ambagamuwa,"Kalugala Maha Vidyalaya, Pitawala",1C,684.0,Central Province,Nuwara Eliya District,Provincial schools,
Hatton,Ambagamuwa,"Kalaweldeniya Maha Vidyalaya, Ginigathena",1C,143.0,Central Province,Nuwara Eliya District,Provincial schools,
Hatton,Ambagamuwa,"Madeniya Maha Vidyalaya, Hitigegama",1C,230.0,Central Province,Nuwara Eliya District,Provincial schools,
Hatton,Ambagamuwa,"Morahenagama Maha Vidyalaya, Morahenagama",1C,253.0,Central Province,Nuwara Eliya District,Provincial schools,
Hatton,Ambagamuwa,"Dharmakeerthi Maha Vidyalaya, Bogawanthalawa",1C,211.0,Central Province,Nuwara Eliya District,Provincial schools,
Hatton,Hatton Tamil-1,"Abbotsliegh Tamil Maha Vidyalayam, Hatton",1C,544.0,Central Province,Nuwara Eliya District,Provincial schools,
Hatton,Hatton Tamil-1,"Shannon Tamil Maha Vidyalayam, Hatton",1C,828.0,Central Province,Nuwara Eliya District,Provincial schools,
Hatton,Hatton Tamil-1,"Watawala Tamil Maha Vidyalyam, Watawala",1C,715.0,Central Province,Nuwara Eliya District,Provincial schools,
Hatton,Hatton Tamil-1,"Vigneshwara Tamil Maha Vidyalayam, Kandawala",1C,566.0,Central Province,Nuwara Eliya District,Provincial schools,
Hatton,Hatton Tamil-1,"Pulliyawatta Tamil Maha Vidyalayam, Dickoya",1C,990.0,Central Province,Nuwara Eliya District,Provincial schools,
Hatton,Hatton Tamil-1,"Dickoya Tamil Maha Vidyalayam, Dickoya",1C,502.0,Central Province,Nuwara Eliya District,Provincial schools,
Hatton,Hatton Tamil-1,"Carfax Tamil Maha Vidyalayam, Hatton",1C,432.0,Central Province,Nuwara Eliya District,Provincial schools,
Hatton,Hatton Tamil-1,"Annfield Tamil Maha Vidyalayam, Dickoya",1C,695.0,Central Province,Nuwara Eliya District,Provincial schools,
Hatton,Hatton Tamil-1,"Kuilwatta Tamil Maha Vidyalayam, Rosella",1C,372.0,Central Province,Nuwara Eliya District,Provincial schools,
Hatton,Hatton Tamil-2,"St. Mary's Central College, Bogawanthalawa",1C,1665.0,Central Province,Nuwara Eliya District,Provincial schools,
Hatton,Hatton Tamil-2,"Holy Rosary Maha Vidyalayam, Bogawanthalawa",1C,835.0,Central Province,Nuwara Eliya District,Provincial schools,
Hatton,Hatton Tamil-2,"Noorwood Tamil Maha Vidyalayam, Noorwood",1C,1311.0,Central Province,Nuwara Eliya District,Provincial schools,
Hatton,Hatton Tamil-2,"Tientsin Tamil Maha Vidyalayam, Bogawanthalawa",1C,542.0,Central Province,Nuwara Eliya District,Provincial schools,
Hatton,Hatton Tamil-2,"Campion Tamil Maha Vidyalayam, Bogawanthalawa",1C,557.0,Central Province,Nuwara Eliya District,Provincial schools,
Hatton,Hatton Tamil-3,"Ganapathi Tamil Maha Vidyalayam, Norton Bridge",1C,414.0,Central Province,Nuwara Eliya District,Provincial schools,
Hatton,Hatton Tamil-3,"Nallathaneer Tamil Maha Vidyalayam, Maskeliya",1C,591.0,Central Province,Nuwara Eliya District,Provincial schools,
Hatton,Hatton Tamil-3,"Luccombe Tamil Maha Vidyalayam, Maskeliya",1C,516.0,Central Province,Nuwara Eliya District,Provincial schools,
Hatton,Hatton Tamil-3,"Bloomfield Tamil Maha Vidyalayam, Maskeliya",1C,1058.0,Central Province,Nuwara Eliya District,Provincial schools,
Hatton,Hatton Tamil-3,"Gouravilla Tamil Maha Vidyalayam, Upcot",1C,937.0,Central Province,Nuwara Eliya District,Provincial schools,
Kotmale,Kotmale,"Gamunu Maha Vidyalaya, Maswela",1C,203.0,Central Province,Nuwara Eliya District,Provincial schools,
Kotmale,Kotmale,"Maldeniya Maha Vidyalaya, Maldeniya",1C,314.0,Central Province,Nuwara Eliya District,Provincial schools,
Kotmale,Kotmale,"Sri Parakrama Maha Vidyalaya, Madakumbura",1C,219.0,Central Province,Nuwara Eliya District,Provincial schools,
Kotmale,Kotmale,"Sirigama Maha Vidyalaya, Gorakaoya",1C,496.0,Central Province,Nuwara Eliya District,Provincial schools,
Kotmale,Kotmale,"Nayapana Maha Vidyalaya, Nayapana Janapadaya",1C,604.0,Central Province,Nuwara Eliya District,Provincial schools,
Kotmale,Kotmale,"Rojarsangama Maha Vidyalaya, Rojarsangama",1C,528.0,Central Province,Nuwara Eliya District,Provincial schools,
Kotmale,Kotmale,"Sri Buddharaja Maha Vidyalaya, Nawa Thispane",1C,615.0,Central Province,Nuwara Eliya District,Provincial schools,
Kotmale,Kotmale,"Ananda Dassanayaka Maha Vidyalaya, Hunugaloya",1C,293.0,Central Province,Nuwara Eliya District,Provincial schools,
Kotmale,Kotmale,"Kahira Muslim Maha Vidyalaya, Ahaswewa",1C,215.0,Central Province,Nuwara Eliya District,Provincial schools,
Kotmale,Kotmale,"Hindu Vidyalayam, Ramboda",1C,434.0,Central Province,Nuwara Eliya District,Provincial schools,
Kotmale,Kotmale,"Viveganantha Tamil Maha Vidyalayam, Pundaluoya",1C,597.0,Central Province,Nuwara Eliya District,Provincial schools,
Kotmale,Kotmale,"Kataboola Tamil Maha Vidyalayam, Kataboola",1C,481.0,Central Province,Nuwara Eliya District,Provincial schools,
Kotmale,Kotmale,"Vigneswara Tamil Maha Vidyalayam, Helboda",1C,488.0,Central Province,Nuwara Eliya District,Provincial schools,
Kotmale,Kotmale,"Labukella Tamil Maha Vidyalayam, Labukella",1C,480.0,Central Province,Nuwara Eliya District,Provincial schools,
Kotmale,Kotmale,"Dunsinane Tamil Maha Vidyalayam, Pundaluoya",1C,607.0,Central Province,Nuwara Eliya District,Provincial schools,
Kotmale,Kotmale,"Eyrie Tamil Maha Vidyalayam, Ramboda",1C,482.0,Central Province,Nuwara Eliya District,Provincial schools,
Hanguranketha,Udahewaheta,"Gangapalatha Maha Vidyalaya, Gonagathenna",1C,221.0,Central Province,Nuwara Eliya District,Provincial schools,
Hanguranketha,Udahewaheta,"Vidyakara Maha Vidyalaya, Poramadulla",1C,1507.0,Central Province,Nuwara Eliya District,Provincial schools,
Hanguranketha,Udahewaheta,"Padiyapelalla Secondary School, Padiyapelalla",1C,484.0,Central Province,Nuwara Eliya District,Provincial schools,
Hanguranketha,Udahewaheta,"Mathurata Maha Vidyalaya, Mathurata",1C,779.0,Central Province,Nuwara Eliya District,Provincial schools,
Hanguranketha,Udahewaheta,"Denike Secondary School, Denike",1C,386.0,Central Province,Nuwara Eliya District,Provincial schools,
Hanguranketha,Udahewaheta,"Deegalahinna Maha Vidyalaya, Elamulla",1C,468.0,Central Province,Nuwara Eliya District,Provincial schools,
Hanguranketha,Udahewaheta,"Princess Tamil Maha Vidyalayam, Gonapitiya",1C,323.0,Central Province,Nuwara Eliya District,Provincial schools,
Hanguranketha,Udahewaheta,"Vigneswara Tamil Maha Vidyalayam, Rahathungoda",1C,263.0,Central Province,Nuwara Eliya District,Provincial schools,
Walapane,Walapane,"Kiribathbandara Maha Vidyalaya, Kumbalgamuwa",1C,633.0,Central Province,Nuwara Eliya District,Provincial schools,
Walapane,Walapane,"Kalagawatta Maha Vidyalaya, Kalagawatta",1C,652.0,Central Province,Nuwara Eliya District,Provincial schools,
Walapane,Walapane,"Sri Dharmapala Secondory School, Munwatta",1C,164.0,Central Province,Nuwara Eliya District,Provincial schools,
Walapane,Walapane,"Pannala Maha Vidyalaya, Kumbalgamuwa",1C,413.0,Central Province,Nuwara Eliya District,Provincial schools,
Walapane,Walapane,"Liyanwala Sri Sudharma Maha Vidyalaya, Munwatta",1C,509.0,Central Province,Nuwara Eliya District,Provincial schools,
Walapane,Walapane,"Siduhath Maha Vidyalaya, Theripehe",1C,456.0,Central Province,Nuwara Eliya District,Provincial schools,
Walapane,Walapane,"Senarath Navodya Maha Vidyalaya, Kurupanwela",1C,390.0,Central Province,Nuwara Eliya District,Provincial schools,
Walapane,Walapane,"Sri Saddhananda Maha Vidyalaya, Rupaha",1C,436.0,Central Province,Nuwara Eliya District,Provincial schools,
Walapane,Walapane,"Harasbedda Sinhala Maha Vidyalaya, Harasbedda",1C,478.0,Central Province,Nuwara Eliya District,Provincial schools,
Walapane,Walapane,"Kotabe Maha Vidyalaya, Rupaha",1C,260.0,Central Province,Nuwara Eliya District,Provincial schools,
Walapane,Walapane,"Madulla Secondary School, Madulla",1C,552.0,Central Province,Nuwara Eliya District,Provincial schools,
Walapane,Walapane,"Sri Vidyapradeepa Secondary School, Udamedura",1C,366.0,Central Province,Nuwara Eliya District,Provincial schools,
Walapane,Walapane,"St. Leonard's Tamil Maha Vidyalayam, Halgranoya",1C,782.0,Central Province,Nuwara Eliya District,Provincial schools,
Walapane,Walapane,"Tulloes Tamil Maha Vidyalayam, Udupussellawa",1C,645.0,Central Province,Nuwara Eliya District,Provincial schools,
Walapane,Walapane,"Rilamulla Tamil Maha Vidyalayam, Kandapola",1C,491.0,Central Province,Nuwara Eliya District,Provincial schools,
Walapane,Walapane,"Wimaladharma Vidyalaya, Udapussellawa",1C,234.0,Central Province,Nuwara Eliya District,Provincial schools,
Kandy District Zone,Kandy District,Asoka College,,,Central Province,Kandy District,Private schools,Kandy
Kandy District Zone,Kandy District,Dhaarul Uloom Al Meezaniyyah Arabic College,,,Central Province,Kandy District,Private schools,Kandy
Kandy District Zone,Kandy District,Dhurhan College,,,Central Province,Kandy District,Private schools,Galhinna
Kandy District Zone,Kandy District,Gateway College,,,Central Province,Kandy District,Private schools,Kandy
Kandy District Zone,Kandy District,Good Shepherd Convent,,,Central Province,Kandy District,Private schools,Kandy
Kandy District Zone,Kandy District,Hillwood College,,,Central Province,Kandy District,Private schools,Kandy
Kandy District Zone,Kandy District,Loyal Ladies College,,,Central Province,Kandy District,Private schools,Peradeniya
Kandy District Zone,Kandy District,Mowbray College,,,Central Province,Kandy District,Private schools,Kandy
Kandy District Zone,Kandy District,Niswan Model School,,,Central Province,Kandy District,Private schools,Ambatenna
Kandy District Zone,Kandy District,Oxford College,,,Central Province,Kandy District,Private schools,Nawalapitiya
Kandy District Zone,Kandy District,Savihx College,,,Central Province,Kandy District,Private schools,Nawalapitiya
Kandy District Zone,Kandy District,Sherwood Girls College,,,Central Province,Kandy District,Private schools,Ambatenna
Kandy District Zone,Kandy District,Sri Chandananda Buddhist College,,,Central Province,Kandy District,Private schools,Kandy
Kandy District Zone,Kandy District,St. Benedict's College,,,Central Province,Kandy District,Private schools,Kandy
Kandy District Zone,Kandy District,Stamford College,,,Central Province,Kandy District,Private schools,Kandy
Kandy District Zone,Kandy District,Sussex College,,,Central Province,Kandy District,Private schools,Kandy
Kandy District Zone,Kandy District,Trinity College,,,Central Province,Kandy District,Private schools,Kandy
Kandy District Zone,Kandy District,Wingham College,,,Central Province,Kandy District,Private schools,Nawalapitiya
Kandy District Zone,Kandy District,Yaqeen Model School,,,Central Province,Kandy District,Private schools,Ambatenna
Kandy District Zone,Kandy District,AQL International Girls School,,,Central Province,Kandy District,International schools,Akurana
Kandy District Zone,Kandy District,Colombo International School,,,Central Province,Kandy District,International schools,Kandy
Kandy District Zone,Kandy District,Blooming Buds Centre of Education,,,Central Province,Kandy District,International schools,Gampola
Kandy District Zone,Kandy District,Digana International School,,,Central Province,Kandy District,International schools,Digana
Kandy District Zone,Kandy District,École internationale,,,Central Province,Kandy District,International schools,Kandy
Kandy District Zone,Kandy District,Ecole International School,,,Central Province,Kandy District,International schools,Digana
Kandy District Zone,Kandy District,Evergreen International School,,,Central Province,Kandy District,International schools,Gelioya
Kandy District Zone,Kandy District,Gampola International School,,,Central Province,Kandy District,International schools,Gampola
Kandy District Zone,Kandy District,Greenhill International School,,,Central Province,Kandy District,International schools,Kandy
Kandy District Zone,Kandy District,Harvard Medha International School,,,Central Province,Kandy District,International schools,Haragama
Kandy District Zone,Kandy District,Irish International School,,,Central Province,Kandy District,International schools,Kandy
Kandy District Zone,Kandy District,JMC International School,,,Central Province,Kandy District,International schools,Ampitiya
Kandy District Zone,Kandy District,Kandy Grammar School,,,Central Province,Kandy District,International schools,Kandy
Kandy District Zone,Kandy District,KEA International School,,,Central Province,Kandy District,International schools,Kandy
Kandy District Zone,Kandy District,Kingston English School,,,Central Province,Kandy District,International schools,Kandy
Kandy District Zone,Kandy District,Leeds International School Nawalapitiya,,,Central Province,Kandy District,International schools,
Kandy District Zone,Kandy District,Lexicon International School,,,Central Province,Kandy District,International schools,Kandy
Kandy District Zone,Kandy District,Netherfield International School,,,Central Province,Kandy District,International schools,Kandy
Kandy District Zone,Kandy District,Rightway International School,,,Central Province,Kandy District,International schools,Akurana
Kandy District Zone,Kandy District,Springfield International School,,,Central Province,Kandy District,International schools,Kandy
Kandy District Zone,Kandy District,Vision International School,,,Central Province,Kandy District,International schools,Kandy
Kandy District Zone,Kandy District,Wesswood International Boys' College,,,Central Province,Kandy District,International schools,Katugastota
Kandy District Zone,Kandy District,Benhill International College,,,Central Province,Kandy District,International schools,Gampola
Kandy District Zone,Kandy District,The Wingham College,,,Central Province,Kandy District,International schools,Nawalapitiya
Kandy District Zone,Kandy District,Highlevel International School,,,Central Province,Kandy District,International schools,Hatton
Kandy District Zone,Kandy District,Senkadagala Deaf and Blind School,,,Central Province,Kandy District,Special schools,Kandy
Kandy District Zone,Kandy District,Blue Rose Special School,,,Central Province,Kandy District,Special schools,Kandy
Matale District Zone,Matale District,Royal English School,,,Central Province,Matale District,Private schools,Matale
Matale District Zone,Matale District,Focus International School,,,Central Province,Matale District,International schools,Matale
Matale District Zone,Matale District,Hilburn International School,,,Central Province,Matale District,International schools,Dambulla
Matale District Zone,Matale District,Lion Gate International School,,,Central Province,Matale District,International schools,Dambulla
Matale District Zone,Matale District,Matale International School,,,Central Province,Matale District,International schools,Matale
Matale District Zone,Matale District,Koswana Sahana Special School,,,Central Province,Matale District,Special schools,Kaikawala
Nuwara Eliya District Zone,Nuwara Eliya District,Life Spring Christian College,,,Central Province,Nuwara Eliya District,Private schools,Dickoya
Nuwara Eliya District Zone,Nuwara Eliya District,St. Patrick's College,,,Central Province,Nuwara Eliya District,Private schools,Talawakelle
Nuwara Eliya District Zone,Nuwara Eliya District,Sussex College Nuwara Eliya,,,Central Province,Nuwara Eliya District,Private schools,
Nuwara Eliya District Zone,Nuwara Eliya District,High Level International School,,,Central Province,Nuwara Eliya District,International schools,Hatton
Nuwara Eliya District Zone,Nuwara Eliya District,JMC International College,,,Central Province,Nuwara Eliya District,International schools,Kotmale
Nuwara Eliya District Zone,Nuwara Eliya District,Lyceum International School,,,Central Province,Nuwara Eliya District,International schools,Nuwara Eliya
